text,label,,,,
KAT and Mayor Mamdani lean back together on the Knicks’ float,"News, Media & Fluff",,,,
NYC Mayor Mamdani's Entire Speech at Knicks Parade,"News, Media & Fluff",,Label Types,Count,% of Dataset
James Dolan is a sour little bitch. Look at him during this speech. My goodness.,Low Effort / Reactionary,,Analytical / Insight-Driven,31,15.5%
Trae Young is Fools Gold. He has the 3rd worst defensive metrics in the last 10 years and is not the shooter you think he is.,Narrative / Fan Conjecture,,Narrative / Fan Conjecture,70,35.0%
Mike Breen introduces the 2026 NBA Champion New York Knicks at City Hall during the Championship Parade.,"News, Media & Fluff",,Low Effort / Reactionary,25,12.5%
"[McMenamin] A source close to Doncic: ""Luka wants to be a championship team yesterday. Ever since the trade, they've always told us: 'summer of '26. We'll show you in the summer of '26.' So, we are so excited that the summer of '26 is here.""","News, Media & Fluff",,"News, Media & Fluff",72,36.0%
NBA Finals MVP Jalen Brunson and his family have arrived at the Knicks Championship Parade!,"News, Media & Fluff",,,,
"Steven Adams Says Today’s Bigs Are Not Good At ""Trench Work"" Like Boxing Out",Narrative / Fan Conjecture,,,,
"[McMenamin] Luka Doncic is spending the summer in Slovenia with his daughters, Gabriela and Olivia, but sources close to him told ESPN he is in ""constant communication"" with Lakers. ""Luka's first and foremost desire is an A-list center,"" the source said.","News, Media & Fluff",,,,
Mike Brown takes a selfie with a cop before rushing to the parade,"News, Media & Fluff",,,,
"[Spears] Wizards star Trae Young plans to decline his $48.97 million player option for the 2026–27 season to become a FA on Monday, sources. Washington remains the front runner for the four-time NBA All-Star as he loves the team and DC, but he still expects multiple team max interest.","News, Media & Fluff",,,,
Skip Bayless calls Wembanyama “A spoiled child”,Narrative / Fan Conjecture,,,,
Kevin Garnett Gets Angry At Paul Pierce After He Says International Players Run Hoops,Low Effort / Reactionary,,,,
"NYPD try to hold on, as Knicks fans break through Police barricades at the Parade","News, Media & Fluff",,,,
[All-Access] Karl-Anthony Towns holding the Bob Cousy Trophy at the New York Knicks Championship Parade.,"News, Media & Fluff",,,,
"Is beating the defending champions a curse? I’ve noticed a trend where if you take down the defending champions, you don’t end up winning the finals. Let me show you: 2021: Suns take down the Lakers in the first round, end up losing in the Finals to the Bucks 2022: Celtics take down the Bucks in the Conference Semis, end up losing in the finals to the Warriors  2023: Lakers take down the Warriors in the Conference Semis, end up losing in the Conference Finals to the Nuggets 2024: Timberwolves take down the Nuggets in the Conference Semis, end up losing in the Conference Finals to the Mavericks 2025: Knicks take down the Celtics in the Conference Semis, end up losing in the Conference Finals to the Pacers 2026: Spurs take down the Thunder in the Conference Finals, end up losing in the Finals to the Knicks Is there a curse? ",Narrative / Fan Conjecture,,,,
Wemby and Champagnie dropping in for a surprise visit at a San Antonio Children's Hospital today.,"News, Media & Fluff",,,,
"Jose Alvarado with a risky dance on one leg, during the parade.","News, Media & Fluff",,,,
Jalen Brunson and Josh Hart toss out first pitches at Yankee Stadium after securing the New York Knicks' first NBA championship in 53 years,"News, Media & Fluff",,,,
Giannis Antetokounmpo Gives Inspirational Speech After Losing 2023 Playoffs: “There is no failure in sports.”,Low Effort / Reactionary,,,,
Michael Jordan 1987 Anti-Drug Public Service Announcement Sponsored By McDonalds.,Low Effort / Reactionary,,,,
[FOS] Madison Square Garden hit with class action lawsuit over apparent data breach after hackers allegedly accessed sensitive visitor data from up to 26 million people collected through James Dolan's controversial surveillance and facial-recognition system used at the Knicks home arena.,"News, Media & Fluff",,,,
Gilbert arenas says to all the people that are saying the San Antonio spurs coach should have benched De'Aaron Fox for Dylan harper in the finals against the Knicks don't know basketball. Fox was their main guy the whole season you bench him in that moment you lose him mentally,Narrative / Fan Conjecture,,,,
"Wemby Doesn’t Need To Gain Weight. That Defeats The Entire Purpose Of Wemby What makes him special isn’t strength it’s that he’s a 7’5” player who moves like a wing, covers half the court on defense, and can score from anywhere. The more mass he adds, the greater the risk of losing some of the mobility, fluidity, and defensive range that make him unique in the first place. There is a real chance it’s hurt the very skills that make him a unicorn. He isn’t Giannis or Shaq or Jokic, and he doesn’t need to be.",Narrative / Fan Conjecture,,,,
Why didn't Jahlil Okafor pan out? I recall when he was drafted people were talking about Tim Duncan levels of basketball IQ and back-to-the-basket game. Third overall pick in the draft behind KAT and D'Angelo Russell. Anyone know why he didn't pan out?,Narrative / Fan Conjecture,,,,
"[Highlights] All the 302 field goal attempts by De'Aaron Fox in the 2026 NBA Playoffs. 327 points on 125/302 FG (41.4%), 30/102 from 3 (29.4%), 47/62 FT (75.8%), in 704 minutes played. He played 21 out of the 23 playoffs games for the San Antonio Spurs.","News, Media & Fluff",,,,
"[McMenamin] Still, sources familiar with Reaves' thinking told ESPN throughout the season that Reaves' contract decision will not come down solely to a dollar figure. There will be various factors, including Reaves' repeated stance that he would like to play his entire career with the Lakers.","News, Media & Fluff",,,,
Josh Hart hopped off the float to embrace fans and take selfies with them!,"News, Media & Fluff",,,,
"[USA Today] Knicks to become first NBA champion to visit 45th/47th Administration’s White House, Dolan says","News, Media & Fluff",,,,
"The Knicks have 8 guys on their roster for next season and are only $13m under the 2nd apron. They will almost certainly lose Mitchell Robinson, Landry Shamet and possibly Jose Alvarado",Narrative / Fan Conjecture,,,,
"Alicia Keys Sings ""Empire State of Mind"" at Knicks Championship Parade With Knicks Team, Zohran Mamdani, & More Celebrities","News, Media & Fluff",,,,
Skip Bayless Says Spurs Are The Best Fit For LeBron James Next Season,Narrative / Fan Conjecture,,,,
Tatum vs. Brunson 11 years ago in high school - Tatum scored 39 and led Chaminade to an 87-81 win over Stevenson despite Brunson's 48 points,Analytical / Insight-Driven,,,,
"What would you say the odds of Brunson achieving a “Career Grand Slam” are? The Career Grand Slam is a term I just invented, but it’s winning an NCAA title, an NBA title, an Olympic gold medal, and World Cup gold medal. He’s got the first two now, and has played for Team USA in the World Cup before (finished fourth in 2023). He’s 29 now, so will have probably two more chances at each of the international golds if he wants. For the record, only one person has ever done this before, and it’s Anthony Davis. (They also both have an NBA Cup coincidentally)",Narrative / Fan Conjecture,,,,
Richard Jefferson and Andre Iguodala argue about who has more bodies.,Low Effort / Reactionary,,,,
"3 Players in NBA History have averaged 2 Blocks & 2 Steals per Game for an entire Season: Hakeem Olajuwon, David Robinson, and? Gerald Wallace.",Analytical / Insight-Driven,,,,
"LaMelo Ball believes Victor Wembanyama legacy is ""stained"" for losing in the Finals against the New York Knicks, Lonzo Ball disagrees.",Narrative / Fan Conjecture,,,,
Dennis Rodman Says LeBron Has No Moves and That He Would Lock LeBron’s Ass Up,Low Effort / Reactionary,,,,
Is it weird for Portland to not have a head coach yet?,Narrative / Fan Conjecture,,,,
Wilt Chamberlain Says His Mom Scolded Him After Scoring 100 Points In A Game: “You should be ashamed of yourself”,Low Effort / Reactionary,,,,
[Fischer] League sources say that Milwaukee has carried itself like a franchise that expects to have Miami’s No. 13 selection and its own No. 10 pick. Miami has also begun making calls in search of supplementary shooting to complement an Antetokounmpo and Adebayo frontcourt.,"News, Media & Fluff",,,,
A dynasty should be led by players from different generations A dynasty shouldn't just be winning a bunch of titles. They should be led by players of different generations. So there hasn't really been a dynasty in the NBA. The closest would be the Showtime Lakers with Kareem passing the leadership to Magic. I personally considered Magic a co-leader from year two.,Narrative / Fan Conjecture,,,,
Who are some Star players you’d want to get lots of minutes but would not want them at the end of a close game? Sorry if this post is silly but thought it might be a good discussion. Who are some players who you think are good to great but you would not want them in the closing minutes of a close game? Russel Westbrook is my example. (At the very least his later years),Narrative / Fan Conjecture,,,,
"Should Wemby keep a focus on guard skills? I know many people want him to cut it down, but I think that's the thing that could take him from one of the greatest bigs oat to almost/just in goat conversation. But I do think he should do like 60% center/inside/play finishing and 40% guard skills and self creation. I think his offensive ceiling is like 70-85% Kevin Durant could do and 70-85% of what prime Shaq could do put together",Narrative / Fan Conjecture,,,,
"Clyde drexler among today’s SG Personally I think he was #1 but judging off of a few posts I wanted to task everyone: If Clyde was playing today, where would you put him positionslly in the SG rankings? I would have him at #1 given the athletics the scoring and the all around play and longevity.",Narrative / Fan Conjecture,,,,
Max Kellerman and rich paul talk about how the media in the nba like to build someone up and then tear them down and now it's happening to Victor Wembanyama. Rich Paul says that's something Allen Iverson always used to tell LeBron James they are coming. And they came in 2010,Narrative / Fan Conjecture,,,,
"How good was Tracy Mcgrady at his peak? I was too young to actually experience him in his prime, but it seems that he was regarded as a superstar level player, up there with the likes of Kobe and LeBron. If injuries had never derailed his career, where do you realistically see him landing amongst the all time greats? Do you think it is plausible to say he would have been just as good if not better than Kobe? Would he have been a multiple MVP caliber player? What was it about his game that made him such a unique and rare talent?",Narrative / Fan Conjecture,,,,
"[SiriusXM] Chris Haynes on Giannis Antetokounmpo: “From what I’m hearing this could drag on into free agency. This could drag on until July … I do still believe he will be moved this offseason, but I’m not as certain as I was before that it’d be done before the draft.”","News, Media & Fluff",,,,
Mike Breen Admits He Would Have Called First Ever Triple “Bang!” Had Brunson Made 3 Point Shot in Game 4,Low Effort / Reactionary,,,,
"Which NBA Legend Had The Worst Head Coach/Front Office Career Question is simple, which NBA all-star or HOF had the worst basketball career after he retired? Could be a GM at Elgin Baylor, or a HC like Chauncey Billups Who do you think it is?",Narrative / Fan Conjecture,,,,
"Joel Embiid averaged 5 ppg on 18% shooting against Marc Gasol and the Toronto Raptors in the 2020 season, after getting shut down in the playoffs vs them. What are other examples of star players struggling mightily against a particular defender? Embiid averaged 17 ppg on 37% shooting vs the raptors in that 7 game series. Marc Gasol was his primary defender and it carried over to the next season when Embiid had games of 0 points on 0/11, 10 pts on 3/7 and 5 points on 1/4 (albeit he left early in this one but it was heading towards another disaster) What other examples are there of star players struggling against certain defenders",Analytical / Insight-Driven,,,,
"Jalen Brunson Toasting to ""F*** Wemby"" Last Night at Knicks Team Party",Low Effort / Reactionary,,,,
"In light of Becky’s Hammond’s comments and Brunson proving her wrong by being the best player on a championship team, his nickname should now be 1A Think it’s a pretty cool and fun one, and a nod to him being the smallest guard since Isiah Thomas to be Finals MVP Edit: *typo: meant Becky Hammon*",Narrative / Fan Conjecture,,,,
"Spears: ""I'm hearing that he's [LeBron's] likely coming back [to the Lakers]... and I'm also hearing that one of his old teammates from Cleveland, Kevin Love, could likely be joining the Lakers too.""","News, Media & Fluff",,,,
[MacMahon] The Utah Jazz are not expected to reach an agreement on a rookie contract extension with Keyonte George,"News, Media & Fluff",,,,
"An overlooked/interesting stat in the ""Spurs dominated for a majority of the series"" numbers. Spurs held a lead for 72% of the minutes played. This is widely translated as ""The spurs DOMINATED for 72% of the series"".Looking more closely at the numbers, it tells a different story and actually flips that 75% number. In first quarters, Spurs were a combined +57 over the 5 games. This is important because this is largely the number holding up the ""led for 72% of the series"" stat. In quarters 2, 3, and 4, the Knicks were a combined +69 (+29, +14, +26 respectively) over the 5 games. Because the Knicks were so far behind in all of those first quarters, they were chipping away at the lead for basically the entire game. But when you look at it this way, the Knicks won 75% of the quarters played.",Analytical / Insight-Driven,,,,
[Fischer] The three-team trade concept making the social media rounds in which the Clippers join a three-team Giannis construction with the Bucks and Celtics and take on Brown while surrendering the No. 5 pick is “not a real conversation.” Clippers not operating like team willing trade No. 5 pick.,"News, Media & Fluff",,,,
"Would KD fix most issues the Spurs have? I was just thinking about what the Spurs need and what players would want to either switch teams or are available and KD honestly kind of fits. He basically is everything they need whether that be size, shooting, can go get you a bucket, and actual veteran experience. I also feel like you would only want him for a few years as well and by the time you need to pay Castle and harper he would probably be past his prime and they would be fine letting him go to find a replacement. The issue the spurs have is that they weren't completely prepared to contend for championships this early but they proved that they could have done it but just couldn't get over the hump for a multitude of reasons. I think that this would fix a lot of them but it also is probably not realistic due to the fox contract and would require giving up picks for 2 years with KD while it would be safer to just develop what they have. I just thought it would be interesting and would definitely be possible just a little risky and premature as they are in a pretty good spot for next year.",Narrative / Fan Conjecture,,,,
"[All-Access]""We brought the trophy home. Let's party, baby, let's party. Knicks in 5."" Jose Alvarado, the New York Native, celebrates with the crowd at the New York Knicks Championship Parade.","News, Media & Fluff",,,,
[Fischer] New Orleans is no longer hanging up on teams calling to inquire about two-way wing Trey Murphy III and the Warriors' longstanding interest has been well-chronicled. The Pelicans are known to be very interested in acquiring a lottery pick in this draft.,"News, Media & Fluff",,,,
"Jimmy Butler to KAT: ""Soft as baby shit. You a loser. I already punked you once."" KAT: ""Call Rachel""",Low Effort / Reactionary,,,,
"Who could be the next Knicks style team? I mean like how they made a few ballsy trades for really good guys who were undervalued but not superstars yet. People shat on them for signing Bridges for 4-5 picks or whatever it was, some people hated that divencenzo and randle were traded. People didn't like Thibbs being fired after make the ECF. What team is a few smart moves away from a championship?",Narrative / Fan Conjecture,,,,
"It's that time again: Kawhi is on an expiring. Assuming he's not convicted by a jury of my peers - which team should trade for him? Blazers? Lakers? Nuggets? Who else? He's not gonna cost a lot because of age, injury concerns and he's expiring. He just had a great season. Which team do you see trading for him assuming Adam Silver pardons him?",Narrative / Fan Conjecture,,,,
"Voter fatigue will be pushed to its limits next season if Sga has a similar season (30+ppg + best record) Shai had an amazing MVP season despite having one of the most injured rosters in the league. Next year the Thunder will look different but we’ve seen that one of Shai strong suits is his consistency. Even with the changes that are likely to be made I still think the Thunder grab the best record in the league and Shai has another legendary MVP season, winning his third in a row and forcing voters to vote for him.",Narrative / Fan Conjecture,,,,
"[Bill Simmons Pod] Bill: ""Harden or Brunson for their entire careers, which guy would you rather have?""",Narrative / Fan Conjecture,,,,
"[Matić] Denver Nuggets interested in signing Bogdan Bogdanovic Dejan Gajic: According to Meridian Sport, there is a possibility that Bogdan Bogdanovic and Nikola Jokic could become teammates on the Denver Nuggets. The Colorado franchise is waiting for June 30 to officially begin the pursuit of Bogdan Bogdanovic, when his current contract with the Los Angeles Clippers expires. The Los Angeles team reportedly has an option to extend the Serbian captain for one more season, worth 16 million dollars, if they choose to activate it. If that option is not exercised by June 30, Bogdan Bogdanovic would become a free agent, and it is considered more likely that this scenario will happen, given the role he had during the 2025/2026 season, when he did not play much and also dealt with injuries. The Denver Nuggets have long had the Serbian sharpshooter on their radar, as they want to add another teammate for Nikola Jokic from the Serbian national team, having already seen how well the two function together and improve the team.There have been numerous rumors in recent days about the future of the Serbian captain, and while interest from Europe is not surprising, the most realistic outcome is that Bogdan Bogdanovic remains in the NBA, either by signing with the Denver Nuggets or another interested team in the United States, while a return to Europe will likely have to wait for some time.Bogdan Bogdanovic played only 23 games during the season, averaging 7.4 points, 2.6 rebounds, and 2.2 assists while shooting 39 percent from the field. This was his ninth season in the NBA, and since entering the league he has appeared in a total of 526 games. Over his NBA career, he has averaged 14 points, 3.3 rebounds, and 3.2 assists, shooting 44 percent from the field and 38 percent from three-point range. As already known, Bogdan Bogdanovic will not play for the Serbian national team in the July FIBA World Cup qualifying window, but he is expected to be available in August.","News, Media & Fluff",,,,
"Bob Davies was Bob Cousy’s rival PG in the early 50s, and was seen as the GOAT PG before Cousy arrived onto the scene.",Narrative / Fan Conjecture,,,,
"Best player in NBA right now? I follow a lot of NBA YouTubers and it feels this is actually a good discussion to have now. Who do you think is the best player in the NBA now? From what I've gathered, it's either Jokic, Shai, Wemby, Giannis, Luka. I guess now u can add Jalen Brunson too now. But after the season has now just ended: Who's the best player entering 2027 season?",Narrative / Fan Conjecture,,,,
"Is Brunson a top 50 player of all time? After his historic playoff run and finals performance, I find it incredibly difficult to name 50 player over Brunson all time.",Narrative / Fan Conjecture,,,,
"Steph Curry is proof that every NBA player is physically capable of being a good defender. Steph Curry. Let's go through his measurements: 6'3"" height 6'3"" wingspan 28"" vert During the 2015-2016 season, Steph Curry had a defensive EPM of +1.7 (95th percentile). His 2x year DRAPM from the 2014-2015 season to the 2015-2016 season was +1.2 (55th best). If someone like Steph Curry (not the most athletic, scrawny, skinny, small, cucked) can be such a great defender, ANYBODY with the proper brain can be. I don't care if your name is ""Brunson"" or ""Trae"", you can be have the physical tools to be a good defender.",Analytical / Insight-Driven,,,,
"2026 Brunson or 2019 Kawhi Leonard who had the better individual playoff run? Both finals mvp, both lead their teams, both averaged 30 ppg both were dominant forces. Which run was better?",Narrative / Fan Conjecture,,,,
"NBA parents vs. their kids, who wins? Fathers: Ric Barry, Jelly Bean Bryant, Bill Walton, Rick Brunson. LBJ, Dell Curry, Mychal Thompson, Tim Hardaway, Arvydas Sabonis, Gary Payton, Melvin Booker, Larry Nance Sons: Brent & Barry, Kobe, Luke, Jaylen, Bronny, Steph, Klay, Tim Jr., Domantas, Gary Jr., Devin, Larry Jr. Who you got?",Narrative / Fan Conjecture,,,,
"[TMZ] James Harden was arrested early Saturday morning and charged with the unlawful carrying of weapon. Source: https://www.tmz.com/2026/06/13/james-harden-arrested/ James Harden was arrested early Saturday morning and charged with the unlawful carrying of weapons ... TMZ has learned. The arrest went down in Texas ... and according to authorities, he was caught with a handgun in his vehicle. It was allegedly in plain sight and not being carried in a holster. His charge is a misdemeanor.","News, Media & Fluff",,,,
"[All-Access] NBA Finals MVP Jalen Brunson, holding the Larry O’Brien Trophy, salutes the fans at the New York Knicks Championship Parade","News, Media & Fluff",,,,
"Prime Damian Lillard had the worst roster construction for a superstar's prime of all time Sometimes I think about how the Blazers GM knew he had a generational offensive talent like Damian Lillard, who is already a small guard and plays no defense, and decides to have the genius idea to pair him up with another small guard who plays no defense. How did he ever expect this pairing to work? I still get so mad every time I think about it. Like this guy, who is a professional GM for a basketball team, decides to allocate most of the team's money after Dame's contract to pay another small guard who plays no defense. And then in 2020-21, the GM has the even more genius idea of bringing in ANOTHER small guard who plays no defense and start him at the 3 (Norman Powell). You literally can't make this up man. His top 10 teammates of all time in his prime from 2015-16 to 2022-23 were: 1). CJ 2). Jerami Grant3). Nurk 4). Norman Powell (Started next to Dame and CJ 😂) 5). Anfernee Simons (Replaced one small guard who played no D with another 😂) 6). Josh Hart (traded him in 1 season) 7). Robert Covington (2 years later he was out the league) 8). Al-Farouq Aminu 9). Mason Plumlee / Moe Harkless 10). Moe Harkless / Mason Plumlee This is just sad. How did this even happen man? Just writing this is making me so mad.",Narrative / Fan Conjecture,,,,
"Besides malice at the palace, what’s the greatest NBA fight of all time? Three candidates that come to mind would be the Jeff Van Gundy leg game, Marcus Camby head butting Jeff Van Gundy, and Shaq vs Charles",Narrative / Fan Conjecture,,,,
"Honest thoughts about the new lottery system/proposal?I have been very vocal that the new lottery system could work to solve the tanking issue, but creates a whole host of new problems in its wake. Anyone have thoughts?",Narrative / Fan Conjecture,,,,
"Windhorst: ""LeBron's intention is to play and the focus right now is making a deal with the Lakers. They are negotiating. I think he's going to try and make a deal with the Lakers. The league generally believes the two sides are going to come together.""","News, Media & Fluff",,,,
"Who do you think is better? Paolo, or Maxey? Stats in this past regular season: Paolo: 22/8/5 on 57 TS% Maxey: 28/4/7 on 59 TS% Stats in their best individual playoff series: Paolo: 27/9/4 on 55 TS% vs Cavs (2024) 29/8/4 on 52 TS% vs Celtics (2025) 26/9/6 on 52 TS% vs Pistons (2026) Maxey: 30/5/7 on 60 TS% vs Knicks (2024) 27/5/7 on 58 TS% vs Celtics (2026) Who’s the better player?",Analytical / Insight-Driven,,,,
"J.R. Smith on his 2018 NBA Finals blunder: ""I’m dribbling it out to get the ball to Bron... this is your job. You have to like that’s why you don’t get the big bucks. They don’t pay me enough for this shit, right?... We never talked about that. He’s still mad. He is still mad. Oh, he’s so mad""",Narrative / Fan Conjecture,,,,
"2026 Knicks vs 2025 Pacers 2 teams that caught fire and had that black magic going for them. Now that Knicks got the ring, who would win between these 2 fully healthy?",Narrative / Fan Conjecture,,,,
[Fischer] League sources say that Milwaukee has carried itself like a franchise that expects to have Miami’s No. 13 selection and its own No. 10 pick. Miami has also begun making calls in search of supplementary shooting to complement an Antetokounmpo and Adebayo frontcourt,"News, Media & Fluff",,,,
[Murray] I don't think anyone should be assuming that the San Antonio Spurs are gonna get back here just because they got Wemby and some young guards This isn't just any Finals loss -- they led by double digits in EVERY GAME They're gonna have to get over that psychologically,Narrative / Fan Conjecture,,,,
"Chris Bosh Reflects on Spurs Losing Finals: ""Second place, it sucks, you know. You don't want to get all the way to the championship and lose, especially when everybody's watching, when the whole world's watching. It's embarrassing, it's deflating.""",Narrative / Fan Conjecture,,,,
"[Jones] The Utah Jazz are “genuinely torn” between selecting AJ Dybantsa, Cameron Boozer or Darryn Peterson one week away from the NBA Draft. Source: https://www.nytimes.com/athletic/7366917/2026/06/16/jazz-dybantsa-boozer-peterson-nba-draft/?source=user_shared_article&unlocked_article_code=1.qlA.35YP.kA7l6DT9JrxI The Utah Jazz are “genuinely torn” between selecting AJ Dybantsa, Cameron Boozer or Darryn Peterson one week away from the NBA Draft, league sources told The Athletic. Dybantsa, Boozer and Peterson are the consensus top three players on the board. The Jazz hold the No. 2 pick while the Washington Wizards hold the top pick, and the Memphis Grizzlies select at No. 3. The Jazz have had Dybantsa and Boozer for private workouts, according to league sources. Peterson canceled his workout this week amid reports that he believes he will be the No. 1 pick, and he hopes the Wizards select him.","News, Media & Fluff",,,,
"LeBron James and Steve Nash discuss why Shai Gilgeous-Alexander’s efficiency is Jordan-esque Steve Nash: His efficiency is Jordan-esque as a two-guard or a point guard. LeBron James: I saw a stat that he's shooting 57% on contested mid-range shots. That is insane. Steve Nash: The accuracy and efficiency is crazy. His body control, stop, start, and change of direction are incredible. This probably sounds weird, but I've noticed his spine mobility is crazy. It allows him to slither into gaps and finish in tough situations. LeBron James: Every time you look at his efficiency in the box scores, you see Shai with 38 points, shooting 13 for 17 from the floor. The other night he had 40-something, going 15 for 19. Steve Nash: They lost in Boston, and I think he was 12 of 14 for 40 points. LeBron James: That's one of my favorite things about players, because of how I am. I love efficient players who can go out, do things on the floor, and not take too many bad shots. If you get on a heater and want to take a heat check, I get it. Steve Nash: Or having tough nights where you have to keep shooting because the team needs you to. LeBron James: For sure. We all have nights where we don't shoot to our capabilities; that just comes with the game. But one of the things I love about Shai is that for him to play on the perimeter and in the mid-range as much as he does, and still be that super efficient... like you said, it's Jordan-esque for sure.",Analytical / Insight-Driven,,,,
Former NBA Player Nick Young on Wembanyama: “Wemby is a soft baby. He’s a crying protected baby”,Low Effort / Reactionary,,,,
"Draymond Green reflects on punching Jordan Poole: ""For five seconds, I forgot where I was""",Narrative / Fan Conjecture,,,,
"[Dwight James] Sources tell me that Tiago Splitter's contract with Chicago is for three years, with a fourth year on a team option. It is believed to be at the league average, salary-wise. The average salary for NBA head coaches at this time is just under $7 million per year.","News, Media & Fluff",,,,
"Knicks’ Victory Caps Most Watched NBA Finals Since 1998 https://www.hollywoodreporter.com/tv/tv-news/nba-finals-2026-tv-ratings-best-since-1998-1236622090/ Saturday’s deciding fifth game averaged 24.5 million viewers on ABC and ESPN, the third game in a row to draw more than 20 million. The last time the finals drew 20 million-plus viewers over three consecutive contests was in 2016, for the final three games of the Cleveland Cavaliers’ comeback victory over the Golden State Warriors. The telecast was also the most watched game five since the 1998 NBA Finals, which marked Michael Jordan’s last championship with the Chicago Bulls.","News, Media & Fluff",,,,
"Pacers vs Knicks next season is even more exciting than a Spurs-OKC rematch: Haliburton coming back with a vengeance against the team he beat in historical fashion that immediately went on to become champions while he was out That's all. Nothing more. With all the great players, stories and rivalries in today's league this might be the most interesting/exciting one. Imagine Haliburton back at MSG hitting another game winner.",Narrative / Fan Conjecture,,,,
"Explaining the perfect storm contributing to the OKC Thunder's unprecedented hate. I saw that post about the OKC Thunder being eliminated from playoff contention getting more upvotes than the Luka trade. And I asked myself - how is that even possible? How does Shai get more hate than even prime James Harden got? So I dug into what led to them getting the most hate in NBA social media history. Label culture Nowadays an NBA player can exist with one single label that defines them for the majority of casual fans. For SGA this is the term ""free throw merchant"". It is simple, easy to recycle, and creates a clean narrative for a player that casual fans can latch onto with very little effort or context. Think about James Harden when he was the most hated player in the league around 2018-2019. He didn't have just one label. And not just one narrative either. You would hear - James Harden is a playoff choker, James Harden doesn't play defense, James Harden is a flopper, James Harden plays iso ball, James Harden is a ball hog. I'd even hear people jokingly call him NBA's Hitler. The point is it wasn't one simple label or nickname but many fragmented statements about different aspects of his game. Have you heard any viral narratives about Shai's playoff performance, about if he is a ball hog, about his defense? No, he has only one label not many. I think the label culture began in 2020 with the terms ""bubble ring"" and ""Mickey Mouse ring"". It was catchy and funny and caught on like wildfire. And it reduced anything the Lakers accomplished that season to one simple narrative. I have to think Donald Trump deserves some credit too for making label culture take off with his campaign tactics (ex: Crooked Hillary, Sleepy Joe, Build the Wall, Fire Fauci, Stop the Count). The importance of a label is like I said above - to reduce all complexity to a simple narrative. This allows it to catch on and go viral without people needing to know much about basketball or watch full length highlights. 2. Clip Culture Well this is obvious but we've moved to short term content. Most people commenting on social media don't actually watch full length basketball games, they just get their information from quick clips. So all they see is Shai flopping or Hartenstein pulling hair and that's the whole story they know. 3. Wemby Chet rivalry We love rivalries. And at least up until the Finals Wemby was the NBA's darling. 4. Dominance Basically imagine James Harden was the leader of the Golden State Warriors dynasty instead of Steph Curry. You literally wouldn't be able to avoid conversations about him. In reality he was never in the Finals during his prime, his Rockets were only the no. 1 seed one time (vs Thunder 3 years in a row), and he only won one MVP (vs. Shai's 2). So there was a ton of time each year the James Harden just wasn't at the forefront. 5. Team playstyle Somehow people liked the Spurs in 2014 but beyond that everyone hated their playstyle in the 2000s-2010s. Efficient, unselfish, organized, disciplined. For the casual fan clean basketball doesn't look skillful, it looks boring and frustratingly easy. More often instead of dynamic highlights and dunks it produces quality set shots by role players. Shai also gets way more hockey assists than assists, so his assist numbers are underwhelming and he doesn't have a huge compilation of flashy assist highlights despite being the engine of the offense.",Narrative / Fan Conjecture,,,,
Charles Barkley notices an unlikely popular actress in the stands for Knicks-Spurs: “Everybody’s a New York Knick fan now!”,"News, Media & Fluff",,,,
"Mike Brown gets a hero's welcome (and a chorus of ""Who Let The Dogs Out?"") at a restaurant in NYC","News, Media & Fluff",,,,
"Walt ""Clyde"" Frazier will be in the lead car on the Canyon of Heroes, driving the 1952 Chrysler Imperial Parade Phaeton.","News, Media & Fluff",,,,
"NYPD: Florida Man charged in connection with cab destruction amid Knicks post-in revelry https://gothamist.com/news/nypd-florida-man-charged-in-connection-with-cab-destruction-amid-knicks-post-win-revelry Police arrested a Florida man on Monday in connection with the destruction of a yellow cab in Midtown last week as Knicks fans took to the streets following the team’s Game 4 win. NYPD officials said 21-year-old Saul Vargas was part of the group of people who swarmed the taxi on 36th Street and Seventh Avenue around 12:30 a.m. Thursday. A widely viewed video on social media showed people smashing its windshield and jumping on its hood, though police said Vargas is not among those who appear in the video. Vargas is from St. Cloud, Florida, and is facing a charge of criminal mischief, according to police. They said he turned himself in on Monday evening at the Midtown South precinct.","News, Media & Fluff",,,,
"Will the Knicks becoming the first NBA Cup winner to win the NBA Finals help legitimize or boost the perceived importance of the Cup going forward? In previous years, the NBA Cup winner seemed irrelevant b/c they didn't go on to win the title. Raising a banner to a Cup win, and not being able to raise one for a championship seemed lame. The Knicks are the first team that can raise both without it seeming silly.",Narrative / Fan Conjecture,,,,
Sleeper team trading for Giannis Even though the most talked about teams are Boston and Miami there’s a chance that this could end up being a team that has no media attention similar to what happened to the Kawhi Leonard situation where no one thought he was getting traded to Toronto yet they did the deal which team do you think qualifies for this?,Narrative / Fan Conjecture,,,,
"Do You Think a Healthy Thunder Would Have Beat NY? Personally i think they would have won. Love em or hate em, if OKC was at full strength they would have went b2b. It would have been really interesting as the Knicks truly felt like a team of destiny all POs. Imo facing the Thunder would have been the true test and I think it would have been as close as ever. Who do you think would have the edge?",Narrative / Fan Conjecture,,,,
SGA Officially Joins Nike: “We are thrilled to welcome Shai Gilgeous-Alexander to the Nike Basketball signature family.”,"News, Media & Fluff",,,,
[Highlight] Wemby after post game interview “Appreciate y’all. See y’all... never.”,"News, Media & Fluff",,,,
Jalen Brunson's 25-26 season accolades: Cup MVP - ECF MVP - Finals MVP - All Star starter - All NBA 2nd team. In the playoff run he averaged 28.4/3.2/6.1/1.2 steals on 57.3 TS% Now in his Knicks playoff tenure he is averaging 29.4/3.6/6.6 on 57 TS% in 61 games with a record of 39-22.,Analytical / Insight-Driven,,,,
"Kobe on LeBron not shaking hands. ""I think people make too much of it to be honest with you. It's a very competitive game and we're human just like everybody else.""",Narrative / Fan Conjecture,,,,
"Players you'd trust in the clutch even if they've been inefficient all game long? We're talking 0/16, 2/18, 6/17, 8/26, a whole lot of bricks throughout the game. But, despite that, you'd still trust them to get a bucket in the clutch. So, which player would that be?",Narrative / Fan Conjecture,,,,
"What championship from the past ten years holds the most value? With the world turning over the Knicks winning the Finals, it’s got me wondering, what championship in the last ten years holds the most weight? 2016 - Cavaliers overcome a 3-1 lead 2017 - Warriors Dynasty Continues 2018 - Warriors Dynasty Solidified 2019 - Raptors win their first 2020 - Lakers do it for Kobe 2021 - Bucks break a 50 year drought 2022 - Warriors Return 2023 - Nuggets win their first 2024 - Celtics complete the process 2025 - Thunder wins their first 2026 - Knicks break a 50 year drought",Narrative / Fan Conjecture,,,,
"OG Anunoby was about the game-winning tip-in in Game 4: ""Is anything going through your mind when you're up in the air like that, or is it all instinct?"" OG Anunoby: ""I mean, I was trying to dunk it..."" *Everyone starts laughing*","News, Media & Fluff",,,,
"Lakers center Jaxson Hayes has received his Slovenian passport, meaning he will soon be eligible to play for the Slovenian National Team","News, Media & Fluff",,,,
James Dolan is the most insufferable owner in the NBA,Low Effort / Reactionary,,,,
"This is a very dead horse, but I'm still flabbergasted that Curry didn't win FMVP in 2015 I feel this way even more after this past finals, in which Brunson was overall great but struggled during long stretches of the first three games (especially the first two). Nonetheless, Brunson turned it around in the latter half of the series and had historic fourth quarter scoring. What other player does that sound like to you? I get it: Lebron was down his #2 and #3 for most of the 2015 series. But are we seriously comparing first-time-in-the-playoffs Wemby to prime Lebron who had already won 4 MVPs, two chips, and six finals berths? Were rookie Harper, sophomore Castle, and injured/braindead Fox really that much better than what the Cavs had as to make up the difference in experience and composure between Wemby and Lebron? I don't blame people for getting caught up in the LeCarry job--I'm just baffled that the solution was to reward Iguodala. He, like OG this past finals, scored ~10 points less than the team's main scorer and offensive engine while offering stellar defense. OG, however, was astronomically more efficient than Brunson overall (71% TS vs Brunson's 54%). Iguodala and Curry were basically dead even at ~59%. OG hit one of the most insane gamewinners of all time to cap off an absurd performance in game 4. Iguodala...helped keep Lebron to 36 ppg? I 1000% agree with Brunson as FMVP, btw--how could you not? It was a different time in 2015, but damn I hated this choice in the moment as well.",Narrative / Fan Conjecture,,,,
"[Skeets] The Knicks were 6-2 in playoff games they trailed by double-digits. And OG Anunoby had an effective field goal percentage of 67.2%, the highest mark for a player with at least 150 field goal attempts in NBA playoff history. The Knicks were 6-2 in playoff games they trailed by double-digits. And OG Anunoby had an effective field goal percentage of 67.2%, the highest mark for a player with at least 150 field goal attempts in NBA playoff history. Knicks’ opponents shot just 123-for-355 (34.6%) on wide-open 3-pointers, the fifth lowest playoff mark among the 51 teams whose opponents attempted at least 200 wide-open 3s in the 13 seasons of tracking data. The Knicks opponents also shot just 4-for-19 (21%) on clutch three pointers and just 10-for-21 (48%) on clutch free throws as they went 6-3 in games that were within five points in the last five minutes. Source: https://www.nba.com/news/5-stats-that-define-new-york-knicks-championship-run",Analytical / Insight-Driven,,,,
"Excluding the Giannis trade, what would be the return for Tyler Herro this summer if the Heat shopped him? Everyone underates my boy and the Heat in general. Detroit is obviously interested, but who else would be and how many FRP would we get?",Narrative / Fan Conjecture,,,,
"Undersized Stars at an Alltime High Does this mean Trae and Garland can be the #1 option on a contender? With Brunson proving a small guard can lead a team to a title, is the value of undersized stars at an alltime high right now? Or are the Spurs just stupid? They refused to switchhunt Brunson, which has traditionally been the blueprint against smaller guards in the playoffs",Narrative / Fan Conjecture,,,,
"Rank the Last 5 NBA Finals Losers Imo, from best to worst, it would be 26 Spurs > 22 Celtics > 25 Pacers >> 24 Mavericks >>> 23 Heat. 1-3 are very interchangeable and I can't really say I'm too confident with my list lol But with that being said, I'm looking forward to seeing y'all rankings!",Narrative / Fan Conjecture,,,,
"The Knicks are the first champion of the modern era to have all their top 5 minute getters grade out as 80th percentile or above in playoff impact, per advanced metric EPM EPM: https://dunksandthrees.com/epm/actual?season=2026 is considered the best one number publicly available metric, combining tracking, box score, and on-off data. It dates back to 2002, and according to it the Knicks are the first team of the modern era to win a championship and have all their top 5 minute getters grade out 80th percentile or better in playoff impact.Here were each of the Knicks’ players playoff ranks in per possession playoff impact: KAT: +8 — 99th percentile OG: +3.7 — 97th percentile Brunson: +3.2 — 96th percentile Mikal: +2.6 — 92nd percentile Hart: +1.9 — 87th percentile Ridiculously well balanced, every one of those can feel good about themselves that the Knicks would not have won without them. Additionally, they are the first finals team in the entire database to have this distribution of impact.",Analytical / Insight-Driven,,,,
Steven Adams Talks About Punching and Scratching His Own Face To Get Timeout From Blood Rule,"News, Media & Fluff",,,,
"[Charania] BREAKING: The Chicago Bulls are finalizing the hire of Portland Trail Blazers interim Tiago Splitter as the franchise's new head coach, sources tell ESPN. Splitter succeeds Billy Donovan as the Bulls' coach after stepping into the head job and excelling in Portland last season. Shams Charania: BREAKING: The Chicago Bulls are finalizing the hire of Portland Trail Blazers interim Tiago Splitter as the franchise's new head coach, sources tell ESPN. Splitter succeeds Billy Donovan as the Bulls' coach after stepping into the head job and excelling in Portland last season. https://www.espn.com/contributor/shams-charania/b2455ef087851","News, Media & Fluff",,,,
"Analytics/3P revolution talk. Are teams circling back now? Since around 2014, the analytics/3P revolution hit the league hard. Using playoff data, the average 3PAs jumped from 22 to 30 in just a few years. Steph and the Warriors won a championship with this in 2015. The 2018/2019 Rockets took this to the extreme, averaging over 40 3PA, which included some hilarious results. Since the 2020 season, teams have plateaued around averaging 34 3PAs in the playoffs. The only team to average ~40 and win a championship was the 2024 Celtics. Every other champion was ~37 or lower, including a number of Warriors teams. For 2026: Knicks (34), Spurs (36), OKC (37), Cavs(38). Honorable Mention Boston (46) My thought is that the analytics revolution has reached its natural conclusion for now. Far exceeding 35-37 3PAs does not seem to be beneficial. That Celtics championship team was the sole exception of a team winning it all with 40+ 3PAs. This is nothing new, but my thought is that teams are starting to circle back and place more of a premium on efficient 2P scoring. The idea being that a balanced attack is ideal and trying to push the envelope with 3P scoring isn't going to get the job done. If the Celtics are grabbing Giannis (which I think they are), then I think it's a fantastic move. They want to diversify their scoring. It's also no coincidence the league is in love with SGA's midrange game and even casuals are talking about Wemby needing a go-to move in the post. Players that can score from the paint and mid-range sound really sweet these days. I doubt we'll ever see the days of teams taking 20 3Ps a game, but I wouldn't be surprised if there's a gradual decline in the long-range game and more emphasis on efficient 2Ps. The 3P is just too valuable as both a scoring and spacing tool, but everything has its limits, right?",Analytical / Insight-Driven,,,,
"What roster would you build for players you WANT to see win? Having rooted for most of the players on the Knicks roster before they even came to us, I was thinking about what team I would theoretically root for the most while not wearing orange and blue. I'm talking about the likeable dudes, the ""I want to see them win even if I hate their team"" dudes. This is what I came up with: PG: Dylan Harper (grindset pure baller) SG: Kon Kneuppel (loosey goosey knockdown shooter) SF: MPJ (lovable dumbass) PF: Scottie Barnes (no explanation needed) C: Bam Adebayo (thankless vet)",Narrative / Fan Conjecture,,,,
Jaylen Brown Congratulates Knicks For Winning Championship on Twitch,"News, Media & Fluff",,,,
"If Giannis goes to the Celtics and wins a ring, would it be respected? If Giannis goes to the Celtics and wins a ring, would you respect or dismiss it as a superteam ring like we did with KD?",Narrative / Fan Conjecture,,,,
Which 5 players are you adding to the NBA 75th anniversary team It's been 5 years since the top 75 list. Which 5 players defining the past 5 years that aren't already on the list would you add?,Narrative / Fan Conjecture,,,,
Jalen Brunson walks past Knicks coaches without a second thought to shake Mitch Johnson's hand after the final buzzer,Narrative / Fan Conjecture,,,,
"Victor Wembanyama on a possible 3-1 comeback: ""Everybody knows we're gonna do it. I think it'd be a mistake to waste our energy on multiple games. It's one game at a time""","News, Media & Fluff",,,,
"Carmelo Anthony at the Knicks parade: ""New York is, as they would say, lit, right now!”","News, Media & Fluff",,,,
Jose Alvarado is back in New York in the Puerto Rican Day Parade,"News, Media & Fluff",,,,
"The New York Knicks are the only the third team in NBA history to win the NBA Championship without a player who received MVP votes for the regular season. Joining the 77-78 Washington Bullets and the 67-68 Celtics. Since the NBA MVP award was instituted in the 1955-56 Season, the eventual NBA Champions would have a player who recieved votes for the Regular Season MVP award in all but 3 years. Even the 2004 Pistons, who many point to as an outlier in having no stars, had Ben Wallace receiving MVP votes and going on to finsh 7th overall in MVP voting.",Analytical / Insight-Driven,,,,
Kawhi had a +14.5 on/off swing last season. Is he still a top 5 player? Kawhi by himself made the Clippers a formidable team but the Clippers were a pathetic -7 without him on the floor. He may have missed the play in but he’s still a top 5 talent in the league,Analytical / Insight-Driven,,,,
"The San Antonio Spurs finish the 2026 season with the Triple Silver Crown After finishing 2nd in the NBA Cup (Winning against the Lakers in Quarters and Thunder in Semis, and losing against the Knicks in the Cup Final). And finishing 2nd in the Regular Season (62-20 behind the Thunder(64-18) and in front of Detroit(60-22)). They also finished 2nd of the 2026 Playoffs (Winning against the Blazers, Timberwolves and Thunder, and losing in The Finals against the Knicks). Thus completing 3 second places (Unofficial Triple Silver Crown). -All three times, they exceeded expectations: - Not supposed to make it out of the Cup group stages (against Denver) - Over/under of 44.5 (they won 62)- Predicted to lose against the Thunder in WCF They can be proud of how much they overachieved, even if being always one step away from gold is frustrating.",Analytical / Insight-Driven,,,,
"Landry Shamet arriving with Jeremy Sochan, who is holding the Larry O'Brien Championship Trophy","News, Media & Fluff",,,,
"[Charania] Washington Wizards center Alex Sarr underwent surgery to repair a fractured right foot on Monday, sources tell ESPN. Sarr sustained the injury on a contact play during an offseason workout late last week. He is expected to be healthy for the start of the season.","News, Media & Fluff",,,,
"If you put the last 8 Championship winners in bracket style tournament, who do you think wins it all? Seed        Champion        Win % #1        Oklahoma City Thunder (2025)        .829 #2        Boston Celtics (2024)        .780 #3        Los Angeles Lakers (2020)        .732 #4        Toronto Raptors (2019)        .707 #5        Golden State Warriors (2022)        .646 #6        Denver Nuggets (2023)        .646 #7        New York Knicks (2026)        .646 #8        Milwaukee Bucks (2021)        .639",Narrative / Fan Conjecture,,,,
"The Spurs were tied or leading in the final 2 min of the 4th qtr in every game of the 2026 NBA Finals. Numbers in the final 2 min: Brunson: 17 points, 7-13 FG, 0 TO | Wemby: 4 points, 1-7 FG, 2 TO The Spurs were tied or leading in the final 2 min of the 4th qtr in every game of the 2026 NBA Finals. Numbers in the final 2 min: Brunson: 17 points, 7-13 FG, 0 TO Wemby: 4 points, 1-7 FG, 2 TO",Analytical / Insight-Driven,,,,
"Mitch Johnson: ""I don't get into social media. I think I've probably been fired 212 times, and we've traded Fox 72 times...""","News, Media & Fluff",,,,
"NBA, Hornets ask prosecutors to keep Terry Rozier’s no-contact order in place https://www.nytimes.com/athletic/7364864/2026/06/16/terry-rozier-no-contact-news-sports-gambling-nba/?source=user_shared_article&unlocked_article_code=1.qlA.Ntou.M2eSPJztsxwl","News, Media & Fluff",,,,
"Out of the 10 teams to never win a championship, who will win one first?The Utah Jazz, Orlando Magic, Phoenix Suns, Los Angeles Clippers, Brooklyn Nets, Minnesota Timberwolves, Indiana Pacers, Memphis Grizzlies, New Orleans Pelicans, and the Charlotte Hornets are the 10 NBA teams to never win a championship. Personally my bet is Timberwolves.",Narrative / Fan Conjecture,,,,
"The only players in NBA history to surpass 2026 Josh Hart in both rebounds and assists per 100 possessions during a Finals run: LeBron, Jokic, and now KAT In his 2026 playoff run, Josh Hart averaged 13.9 rebounds per 100 possessions, good for 11th amongst all players who played at least 20 mpg He also averaged 7.1 assists per 100 possessions, good for 26th amongst all players with the same criteria. There are only 3 players in all of basketball reference's database to produce both more rebounds and assists per 100 possessions through 4 playoff series: LeBron, Jokic, and now KAT. Fun Fact though: 2015 Playoff Draymond matched Josh Hart's numbers exactly, also putting up 13.9 rebounds and 7.1 assists per 100 possessions. I’ve heard prime Draymond was pretty good Pretty remarkable company to be in, and a fantastic playoff run from a guy who has cemented himself as truly one of the league's best role players, and an all time Knicks supporting piece. Also shoutout KAT for of course for one of the best center playoff runs in recent memory!",Analytical / Insight-Driven,,,,
Jalen Brunson on Knicks Fans: “You never want to be disrespectful. Obviously throwing stuff and saying things that are not a part of the game… it’s considered disrespectful. I love our fans but we gotta be better.”,"News, Media & Fluff",,,,
"Steven Adams - How To Avoid Kevin Garnett’s Trash Talk: ""No English brother.""","News, Media & Fluff",,,,
"Number of NBA Primetime Games per team EastPistons: 24, Celtics: 34, Knicks: 42, Cavaliers: 34, Raptors: 6, Hawks: 16, 76ers: 23, Magic: 22, Hornets: 10, Heat: 11, Bucks: 21, Bulls: 7, Nets: 1, Pacers:4, Wizards: 3 West Thunder: 38, Spurs: 36, Nuggets: 31, Lakers: 42, Rockets: 33, Timberwolves: 34, Suns: 17, Trail Blazers: 13, Clippers: 28, Warriors: 40, Pelicans: 2, Mavericks: 27, Grizzlies: 10, Kings: 7, Jazz: 3 The Raptors got screwed. How did they get less prime time games than horrible teams like the Bulls and Kings. How do you guys feel about it?",Low Effort / Reactionary,,,,
"Thoughts on the NBA Cup after three season?So it’s still a small sample size, but now that the NBA cup has been around for three full iterations I’m curious to know how people feel about it. I was a doubter of the in season tournament when it was announced but they integrated it fairly well into the regular season, and while I still don’t fully care I will admit seeing my team make the elimination stage for the first time was kind of fun. Even more importantly though I’ve been interested to see if it can actually be an indicator of later season success, and this year did a spooky good job of it since the Cup finalists and NBA finals participants were both the Knicks and Spurs. Could be an outlier though, only time will tell. Anything people think could improve it? Would you want to get rid of it? What are your thoughts?",Narrative / Fan Conjecture,,,,
"Bill Simmons on Ranking Jalen Brunson above Nash, Kidd, Sam Jones, Harden, Gervin and Luka in his Pyramid Explained this on the pod but this was the exact same calculus I did for my Book of Basketball — being the undeniable alpha of a title team matters the most. In 2009 I had Wade at 28, Walton at 27, Barry at 26 and Isiah at 23. The whole point of basketball is to win the title.",Narrative / Fan Conjecture,,,,
"If Giannis joined the Celtics, what would his jersey number be? Hey Giannis, #34 is still available in Miami! But if he joined the Celtics, what do you think his next number would be? #34 was Pierces number, retired.",Narrative / Fan Conjecture,,,,
"[Slater] If negotiations between James and the Los Angeles Lakers break down - and if James goes searching for a new home for his 24th NBA season - the Warriors are a willing suitor, team sources said... League sources said Ballmer has maintained a firm stance against a (Kawhi) Leonard trade","News, Media & Fluff",,,,
Damian Lillard Stats in Game 7 of the 2019 Western Conference Semifinals 13 points on 3-17 shooting (17 % FG) in 45 minutes This narrative that Lillard was a playoff killer who was only held back by his team just because of some First-Round gamewinners is revisionist history. The Knicks would not have won the championship this year if they swapped out Jalen Brunson for prime Dame,Low Effort / Reactionary,,,,
Shaq and Jordan Playing 1 on 1 - All Star Game 1996,"News, Media & Fluff",,,,
"The conference finals teams should all run it back. All these fake trades, but in my opinion Boston, Philly, the 4 conference finals teams, should all run it back.",Narrative / Fan Conjecture,,,,
"Discussing the lack of repeat champions in the modern NBA, ESPN's Vincent Goodwill calls the Larry O'Brien a ""participation trophy""","News, Media & Fluff",,,,
"Does full game footage of Hank Luisetti (the guy dribbling and shooting, who was seen as the goat during the 30s) and his ‘36-38 Stanford team exist?","News, Media & Fluff",,,,
[Highlight] 10 years ago today: LeBron James drops 41 PTS 8 REBS 11 ASTS 4 STLS 3 BLKS on 16-27 FG 3-6 3PT 6-8 FT to force Game 7 against the 73-9 Golden State Warriors,"News, Media & Fluff",,,,
The highest single-run Playoff EPM (Estimated Plus-Minus) on record is a +9.4. This historic peak is shared by 3 postseason runs: LeBron James (2009) Kawhi Leonard (2017) and now Victor Wembanyama (2026) The highest single-run Playoff EPM (Estimated Plus-Minus) on record is a +9.4. This historic peak is shared by 3 postseason runs: LeBron James (2009) (9.4) Kawhi Leonard (2017) (9.4) Victor Wembanyama (2026) (9.4),Analytical / Insight-Driven,,,,
"If the NBA were to redo the NBA 75 today, do you think Jalen Brunson would make it? Bill Simmons said on his podcast that Jalen Brunson is a top 50 player of all time now. I wouldn’t go THAT far. But I do think if the NBA did their top 75 again today, Brunson would be on that list. I mean Damian Lillard made it, and I think we can all agree this ring places Brunson above him all time",Narrative / Fan Conjecture,,,,
Does Brunsons 1 championship carry more weight than KDs 2 championships? Whose championship really carries more weight around these individual players legacies? Is it Brunsons 1 ring or KDs 2rings?,Narrative / Fan Conjecture,,,,
"[Highlight] NBA champion Jalen Brunson's courtside interview after scoring 45 to bring the Knicks their first title in 53 years Source: NBA on ESPN — Game 5 of the 2026 Finals, June 13 in San Antonio. Brunson finished with a Finals-record 45 in the 94-90 win to close out the Spurs 4-1 and take Finals MVP. First title for the Knicks since 1973 — you can see everything land on him at once here.","News, Media & Fluff",,,,
Knicks fans are making De’Aaron Fox jerseys,Low Effort / Reactionary,,,,
"Sam Bowie on how he convinced the Trail Blazers to pick him over Jordan in the 1984 draft despite his injury history: ""I can still remember them taking a little mallet, and when they would hit me on my left tibia, and 'I don't feel anything, I would tell 'em. But deep inside, it was hurting.”","News, Media & Fluff",,,,
"Jalen Brunson is UnbelievableThis isn't including the last 3 games or so, which probably makes it even higher. He might be the greatest clutch player of all-time, anyone who's watched this man for years knows, when it comes to clutch-time, there is no one like him. Also one of the best Playoff players of All-Time. He also tied Michael Jordan's record for most points in a Finals clinching road win, with 45 points. In 2024, he became the first player since Michael Jordan in 1993 to score 40 or more points in 4 consecutive playoff games. Since 2022-23, Brunson is also number 1 in Playoff points per game at 29.4 (46% FG, 6.6 APG), he has also played a lot more games than everyone behind him. (Minimum 20 games) The crazy thing about him is he is only 6'1, and even crazier he is one of the best paint scorers and does most his scoring there. It is truly inspiring, you can be short and not only make it, but be the best and lead a team to a championship. What makes it even better is he just beat Wemby, the 7'4 guy with a 8'0 wingspan that everyone thinks is the next NBA great, who seems unfair to the rest of the league when the guy can block any shot and is so gifted physically. Has won at every level. Won a championship in HS with a new record for points in the 4A state title game. FIBA Under-19 World Cup MVP. Won 2 NCAA tittles, National College Player of the Year, Big East Player of the Year. Fell to the 2nd round because of his size, Mavs let him walk, everyone said Knicks overpaid. Became an star, took a $113M paycut. Everyone said you couldn't win a ring with him as your top player. Proved them wrong and ended the Knicks 53-year championship drought and brought a championship to the Mecca of Basketball, while being from there, dropping 45 points in the game to win the chip. He also plays the game the right way, no turnovers, footwork and fundamentals, not just athleticism, all about the team. Called a players only meeting after the Knicks had a bad stretch in January, and they became unstoppable. In the Game 4, he led the huddle before the comeback. and he won the NBA Cup and Cup MVP (maybe the biggest of them all lol)",Narrative / Fan Conjecture,,,,
"[Highlight] The New York Knicks became the 1st team since 1971 to win the NBA Finals after trailing by 10+ in every game of the series. They ended the 2026 postseason going 16-3, including 9-1 on the road.",Analytical / Insight-Driven,,,,
"[BasketNews] When asked about what could have been if he and Brunson had stayed on the same team, Doncic acknowledged that their duo would have been very good : ""We have improved a lot every year. We are not the players we were before. It would have been very good, for sure,""","News, Media & Fluff",,,,
"[Spotrac] Jalen Brunson Did Not Give Up 113M -- It Was Actually 37M ""Did Brunson really leave $113 million on the table?... not really. The real comparison point here is Extension Years 1-3 vs Re-signing Years 1-3. Extending: three years, $113,218,563 Re-signing: three years, $150,316,884 Difference: $37,098,321 "" https://www.spotrac.com/news/_/id/2387/understanding-jalen-brunsons-extension-with-the-knicks",Analytical / Insight-Driven,,,,
"Jalen Brunson acknowledges the danhausen uncursing: at first I was a little skeptical, but you have to believe it now","News, Media & Fluff",,,,
Best 5 Game NBA Finals Ever This year had to be it right? I can't think of another one that went only 5 games that was even close to being this exciting. Thank you Knicks & Spurs.,Narrative / Fan Conjecture,,,,
"Bill Simmons: “I heard this too during the weekend. Could the Clippers, with the 5th pick, move in [to the Giannis Antetokounmpo trade] and be the 3rd team? And then, the second piece of this— Would they then send Kawhi to Miami as a consolation prize [for additional assets]?”","News, Media & Fluff",,,,
Shai Gilgeous-Alexander is back in the gym as he begins preparing for next season:,"News, Media & Fluff",,,,
"Whose NBA career would you have rather had... Andre Iguodala (four rings and a Finals MVP) or Steve Nash (two time league MVP with no Finals appearances) On one hand you have Andre Iguodala, who was a role player on a team that won four championships, and a player whose career peaked when he won the Finals MVP award in 2015 despite Steph Curry being his teammate. On the other hand you have one of the highest performing players in the entire NBA during his era, earning the league's MVP award twice while also earning an All Star nod eight times and seven All-NBA teams as well as leading the NBA in assists five times. It turns out, however, that Nash never made it to the NBA Finals let alone never earning a ring.Which career would you be more pleased with if it were yours?",Narrative / Fan Conjecture,,,,
"Would the Knicks have still gone 16-3 in the playoffs if they played the Celtics, Pistons, and Thunder in the last 3 rounds? I’m not trying to take anything away from the Knicks, they were the best team in the league this season and even if they played the Celtics in round 2, the Pistons in the ECF, and the Thunder in the Finals, I still think it’s possible they still win the title. But do they still go 16-3 in the playoffs? I’m just wondering because I do feel like they benefited from their path after round 1, which allowed them to dominant a lot more than expected, and look you play who you play and the Knicks being incredible themselves was a large part of the domination, especially in the Finals in late game situations vs the Spurs. However if they played 3 straight series without HCA vs the Celtics, Pistons, and Thunder, I do feel like they don’t dominant as easily in these playoffs, or am I underselling the Knicks here?",Narrative / Fan Conjecture,,,,
Mikal Bridges says Becky Hammon’s “1A” comments fueled Jalen Brunson to win a championship,Narrative / Fan Conjecture,,,,
[Highlights] Giannis Post-Up Scoring 2025-2026,"News, Media & Fluff",,,,
"[Highlights] All the 120 field goals made by the rookie Dylan Harper in the 2026 NBA Playoffs for the San Antonio Spurs. 325 Points on 120/233 FG (51.5%), 23/69 from 3 (33.3%), 62/75 FT (82.7%), in 615 minutes played, and a total of 23 games played (2 as a starter).","News, Media & Fluff",,,,
Gary Washburn: “[The Boston Celtics] are not shopping Jaylen Brown. They’re not dangling him around the league.”,"News, Media & Fluff",,,,
"[Bill Simmons] ""LeBron, what happens with that is a good one. This one is a really fun one because the Warriors is really in play now, like for real. I really feel like if I had to bet my life on a team, I'd think I would bet on them . . .""","News, Media & Fluff",,,,
"Becky Hammon three years ago: ""[Jalen Brunson] is too small. If your best player is small, you're not winning.”","News, Media & Fluff",,,,
"I Was Wrong About The Knicks Here are the takes that I've had...like very recently: KAT isn't a winning player Team can't win a championship with a small guard that's a defensive liability, like Brunson, as the best player Knicks wasted too many picks on Bridges Mike Brown isn't a championship level coach Mitchell Robinson won't stay healthy for a playoff run LolKnicks Knicks have proven me a fool and I've been proven wrong. I posted this in the comment section of a post that got deleted. So I come here to make it's own post to be held accountable. I'm wrong a lot, but like, I don't think I've ever been this wrong before",Narrative / Fan Conjecture,,,,
"Has Jalen Brunson leapfrogged the following Point Guards? With Brunson winning the title and finals MVP, he sure has gone up in the all time rankings. Everyone's desperate to find out where to place Brunson in all time guard rankings, with the following PGs to consider: Allen Iverson: Allen Iverson won a regular season MVP and numerous scoring titles plus an impressive 10 year peak so I don't think so. Russell Westbrook: Westbrook has a MVP and over 25,000 points and 10,000 assists so giving it to Westbrook. Damian Lillard: Brunson has a ring and finals MVP along with a better playoff record. I would say Brunson surpassed him even if he retires today. Chris Paul: CP3 has the longevity along with being number 2 in all time assists. Going to stick with CP3 for now Gary Payton: DPOY and a Championship towards the end of his career; but dare I say I think Brunson might be better all time right now. Kyrie Ivring: Another tough one; if Kyrie manages to get a second ring while Brunson stays at 1 it might be Kyrie but right now I am giving the egde to Brunson. Steve Nash: 2 MVPs is hard to beat so I will give the edge to Nash for now. Jason Kidd: Has a lot of assists all time and really good defender; took some less talented Nets team to two finals and won a championship as a role player. I will give the edge to Kidd for now as well Tony Parker: I will say Tony Parker, has more rings and a finals MVP but Brunson beats him in the stats category Chauncey Billups: I will give the nod to Brunson, both players with championships but Brunson is the better statistical player with avg 26 and 7 for his Knicks career. Billups is only a 5 time all star to Brunson's 3",Narrative / Fan Conjecture,,,,
"Five years ago today, Kevin Durant dropped 49 points (81.6 TS%), 17 rebounds and 10 assists to put the Nets up 3-2 against the Bucks in the ECSF","News, Media & Fluff",,,,
"The Houston Rockets are the ultimate losers of the 2026 playoffs They lost to the Lakers, who got swept by OKC, Who lost to the Spurs, who lost to the Knicks in the finals, making them the ultimate losers",Low Effort / Reactionary,,,,
"[Anderson] Peterson’s camp is “very confident they are going #1,” prompting the change in this week’s plans. Peterson’s decision to cancel his workout with the Jazz, while Dybantsa maintained his visit, suggests a shift at the top of the draft.","News, Media & Fluff",,,,
"De’Aaron Fox on the criticism he got after game 4: ""It's not like people have my phone number and can call me. I don't watch those shows. It doesn't matter. It is what it is. You can't change it now. We're trying to move on from that""","News, Media & Fluff",,,,
"Dillon Jones is the first player since Chris Boucher to win two championships with two different teams in his first two NBA seasons Jones won with the Thunder last season and the Knicks this season. Boucher did it with the Warriors in 2018 and the Raptors in 2019 (reposting this as I did not realize Boucher was ever a Warrior) Jones was actually traded by the Knicks to the Thunder for five future second-round draft picks, so he’s had quite the journey. Aside from Boucher, the last player to win two titles in his first two seasons is the legendary Patrick McCaw, who won in 2017 and 2018 with the Warriors. He followed it up by winning in 2019 with the Raptors. Can Jones follow in his footsteps?","News, Media & Fluff",,,,
"With the Knicks' victory, Karl-Anthony Towns and Andrew Wiggins have both won an NBA championship before Jimmy Butler. Despite Butler having more trips to the Finals, both Karl-Anthony Towns and Andrew Wiggins have won it on their only trips there thus far. Way to motivate the youth, Jimmy!",Narrative / Fan Conjecture,,,,
Adam Silver really sent the refs to rig this for OKC / the Lakers. The script is crazy  rigged.,Low Effort / Reactionary,,,,
"People saying Luka Doncic isn't a clutch playoff performer are ignoring reality. In the 2026 Western Conference Semifinals alone, he shot 8-for-11 (72.7%) in 'clutch time' (final 5 minutes, game within 5 points). He single-handedly saved their season; his legacy as a big-game hunter is completely secure.",Analytical / Insight-Driven,,,,
"Tyrese Haliburton hasn't 'washed up' or lost his edge; his production dipped because the Pacers shifted from a 122-pace transition offense to a heavy half-court, spamming high horn sets that force him into isolation. When a passer-first guard loses his transition outlets, his assists drop by 3 per game naturally",Analytical / Insight-Driven,,,,
"The Defensive Player of the Year award has a massive big-man bias. Bam Adebayo switches onto guards 45% of the time—the highest mark in the league—allowing just 0.88 points per possession on those switches. Voters just look at blocks, which favors drop-coverage centers, completely ignoring perimeter versatility.",Analytical / Insight-Driven,,,,
"Khris Middleton is criminally underrated historically. He’s one of only six players in NBA history to average 20+ PPG on 40%+ from three over multiple championship runs. People act like Giannis carried a bunch of role players, but Middleton was an elite, historically efficient secondary closer.",Analytical / Insight-Driven,,,,
"Giving Jaylen Brown that supermax extension was a catastrophic mistake. He eats up 35% of the Celtics' total salary cap space. Under the new second-apron rules, that contract makes it mathematically impossible to retain their bench depth once the tax penalties hit next season. They ruined their window.",Analytical / Insight-Driven,,,,
Is Joel Embiid the most exposed regular-season fraud in NBA history?,Low Effort / Reactionary,,,,
Are we ready to admit Jalen Brunson has surpassed Steph Curry all-time?,Low Effort / Reactionary,,,,
Who is a better pure scorer in their prime: Prime T-Mac or current Anthony Edwards? 🤔👀,Low Effort / Reactionary,,,,
"Rank these 4 rings from easiest to hardest: 2016 Cavs, 2020 Lakers, 2024 Celtics, 2026 Knicks. Go ⬇️",Low Effort / Reactionary,,,,
Why the Knicks' +15.5 Net Rating in the Finals isn't just a hot shooting streak.,Analytical / Insight-Driven,,,,
"People pointing at Jalen Brunson’s raw point totals are missing the real story behind the Knicks' offensive engine. If you filter out garbage time on Cleaning the Glass, his pick-and-roll efficiency jumps to the 91st percentile because New York runs a heavy Spain PNR set that forces the low-man defender into an impossible rotation. When teams try to ICE the screen to keep him out of the paint, it unloads an open look for KAT on the pop or leaves OG Anunoby completely uncovered in the strong-side corner, maximizing their half-court net rating",Analytical / Insight-Driven,,,,
"Bro Jalen Brunson is absolute TRASH tonight, I'm so sick of this fraud carrying the franchise into a brick wall. Shooting 4-of-19 in a crucial Game 2 is completely unacceptable and honestly proves Becky Hammon was 100% right about small guards. This team is completely cooked and we wasted all those future first-round picks on Mikal Bridges just to get exposed in the second round 💀💀💀. Trade everyone and rebuild around the youth.",Low Effort / Reactionary,,,,
Lmao Did y'all see Victor Wembanyama just get absolutely bullied in the post by Isaiah Hartenstein??? 💀💀 dynamic defensive player of the year my ASS. Dude is a 7-foot-4 beanpole who belongs in a high school gym if he's getting backed down that easily in a pivotal game. The Spurs completely blew their future building around a guy who folds the second the physical playoff whistles start blowing. Trade him to France and rebuild around real dawgs.,Low Effort / Reactionary,,,,
"Blow it up. I’m so done with this fake-ass OKC Thunder team. Losing Game 1 at home to the Lakers proves this young core does not have the championship DNA required for a deep run. Shai Gilgeous-Alexander is completely overrated and just hunts for foul calls instead of leading his team. We are tracking a historic sweep here guys, write it down now. LA in 4 and it won't even be close.",Low Effort / Reactionary,,,,
"Who is the biggest playoff fraud of the modern era? Is it James Harden, Joel Embiid, or 2026 postseason version of Donovan Mitchell? Drop your rankings below! 👇 Personally I think Mitchell has completely escaped the media agenda because he plays in Cleveland, but his efficiency drop-off this year is absolutely criminal. Let's argue 🔥👀",Low Effort / Reactionary,,,,
"Evaluating Shai Gilgeous-Alexander's isolation impact requires moving away from raw points-per-game and focusing on self-creation load metrics. Second Spectrum data logs him averaging 14.2 paint touches per-100 possessions, creating structural rotation advantages on 42% of his total drives via sudden deceleration. Even when his true shooting percentage fluctuates due to playoff perimeter variance, his micro-tracking vector reveals an elite Expected Points per Possession (xPPP) output that stabilizes OKC's half-court offense when primary sets break down.",Analytical / Insight-Driven,,,,
"While standard box score metrics attribute the Spurs' late-season defensive resurgence entirely to individual rim protection, the underlying tracking data highlights their adjusted weak-side tagging scheme. When switching into drop coverage against high-frequency pick-and-roll configurations, San Antonio is leveraging Jeremy Sochan to pre-rotate and zone up the single-side tagger lane. This structural tweak has successfully choked out opponent short-roll passing windows, limiting high-value paint assistance without conceding above-the-break catch-and-shoot volume.",Analytical / Insight-Driven,,,,
"The defining structural baseline of the 2026 postseason is the historic nosedive in league-wide offensive efficiency. According to Basketball Reference, team offensive ratings have collapsed by an average of 4.3 points per 100 possessions relative to the regular season—the steepest drop-off on record. GeniusIQ spatial tracking indicates this isn't merely a function of standard pace contraction or altered officiating thresholds, but rather an unprecedented 1.0% decline in baseline shot quality as perimeter defenses are successfully choking out corner-three volume.",Analytical / Insight-Driven,,,,
"While people point to raw assist numbers when comparing John Stockton and Chris Paul, the real gap shows up in Assist Percentage (AST%) and Turnover Percentage (TOV%). Stockton’s peak AST% was 57.5% in '90-91 with a TOV% of 21.0%. By contrast, CP3’s peak AST% was 54.5% in '08-09, but his TOV% was an incredibly low 13.5%. Paul traded a tiny bit of high-volume creation for historic ball security, meaning his offenses ran at a lower risk premium than Stockton’s heavy pick-and-roll volume.",Analytical / Insight-Driven,,,,
"The Knicks completely locked down the Spurs' side-pick-and-roll in the 4th quarter of Game 5 by switching to a 'Pre-Switch' scheme. Before Victor Wembanyama could even set the screen for De'Aaron Fox, OG Anunoby would bump Mikal Bridges out of the way to take the assignment early. This completely neutralized the mismatch, forced Fox into taking highly contested pull-up mid-rangers, and directly led to New York outscoring San Antonio 55-25 in the final 21 minutes of the game.",Analytical / Insight-Driven,,,,